-- phpMyAdmin SQL Dump
-- version 4.8.5
-- https://www.phpmyadmin.net/
--
-- Host: 127.0.0.1
-- Generation Time: 21 أبريل 2019 الساعة 21:29
-- إصدار الخادم: 10.1.38-MariaDB
-- PHP Version: 7.3.2

SET SQL_MODE = "NO_AUTO_VALUE_ON_ZERO";
SET AUTOCOMMIT = 0;
START TRANSACTION;
SET time_zone = "+00:00";


/*!40101 SET @OLD_CHARACTER_SET_CLIENT=@@CHARACTER_SET_CLIENT */;
/*!40101 SET @OLD_CHARACTER_SET_RESULTS=@@CHARACTER_SET_RESULTS */;
/*!40101 SET @OLD_COLLATION_CONNECTION=@@COLLATION_CONNECTION */;
/*!40101 SET NAMES utf8mb4 */;

--
-- Database: `eapi`
--

-- --------------------------------------------------------

--
-- بنية الجدول `migrations`
--

CREATE TABLE `migrations` (
  `id` int(10) UNSIGNED NOT NULL,
  `migration` varchar(191) COLLATE utf8mb4_unicode_ci NOT NULL,
  `batch` int(11) NOT NULL
) ENGINE=InnoDB DEFAULT CHARSET=utf8mb4 COLLATE=utf8mb4_unicode_ci;

--
-- إرجاع أو استيراد بيانات الجدول `migrations`
--

INSERT INTO `migrations` (`id`, `migration`, `batch`) VALUES
(5, '2014_10_12_000000_create_users_table', 1),
(6, '2014_10_12_100000_create_password_resets_table', 1),
(7, '2019_04_21_091235_create_products_table', 1),
(8, '2019_04_21_091456_create_reviews_table', 1);

-- --------------------------------------------------------

--
-- بنية الجدول `password_resets`
--

CREATE TABLE `password_resets` (
  `email` varchar(191) COLLATE utf8mb4_unicode_ci NOT NULL,
  `token` varchar(191) COLLATE utf8mb4_unicode_ci NOT NULL,
  `created_at` timestamp NULL DEFAULT NULL
) ENGINE=InnoDB DEFAULT CHARSET=utf8mb4 COLLATE=utf8mb4_unicode_ci;

-- --------------------------------------------------------

--
-- بنية الجدول `products`
--

CREATE TABLE `products` (
  `id` int(10) UNSIGNED NOT NULL,
  `name` varchar(191) COLLATE utf8mb4_unicode_ci NOT NULL,
  `detail` text COLLATE utf8mb4_unicode_ci NOT NULL,
  `price` int(11) NOT NULL,
  `stock` int(11) NOT NULL,
  `discount` int(11) NOT NULL,
  `created_at` timestamp NULL DEFAULT NULL,
  `updated_at` timestamp NULL DEFAULT NULL
) ENGINE=InnoDB DEFAULT CHARSET=utf8mb4 COLLATE=utf8mb4_unicode_ci;

--
-- إرجاع أو استيراد بيانات الجدول `products`
--

INSERT INTO `products` (`id`, `name`, `detail`, `price`, `stock`, `discount`, `created_at`, `updated_at`) VALUES
(1, 'quod', 'Odit sunt sit aut dignissimos. Voluptas qui voluptas vel rerum corporis itaque. Veritatis officiis quia unde esse voluptatem fugiat autem. Aut a cumque quidem blanditiis blanditiis quo.', 131, 9, 16, '2019-04-21 13:22:38', '2019-04-21 13:22:38'),
(2, 'nam', 'Dolorem autem molestias ea est. Facilis corrupti quis magni tempora.', 780, 6, 18, '2019-04-21 13:22:38', '2019-04-21 13:22:38'),
(3, 'consequuntur', 'Et qui quae et veritatis dignissimos voluptas. Velit ex cumque eum labore quam sed. Molestias est numquam mollitia corporis consequatur ut. Maiores sed libero voluptatem ab ipsa error. Placeat perferendis est illum dolore sunt excepturi vitae.', 203, 7, 4, '2019-04-21 13:22:38', '2019-04-21 13:22:38'),
(4, 'sequi', 'In itaque at omnis repudiandae asperiores. Perspiciatis recusandae debitis iste voluptatem fugiat eveniet. Labore cum porro iure nam repudiandae asperiores dolorem. Eum sed ducimus asperiores aut minima.', 420, 3, 22, '2019-04-21 13:22:38', '2019-04-21 13:22:38'),
(5, 'voluptate', 'Autem provident quam quis est quis in. Adipisci quibusdam delectus suscipit laudantium sequi ut. Quo quia sed sed nam nihil.', 610, 8, 21, '2019-04-21 13:22:38', '2019-04-21 13:22:38'),
(6, 'quod', 'Similique eos dicta accusamus quia necessitatibus. Beatae et labore ipsam molestiae et iure optio voluptas. Corporis odio asperiores dolor in voluptate. Voluptatibus ut eligendi maiores maxime aspernatur laudantium in.', 922, 3, 27, '2019-04-21 13:22:38', '2019-04-21 13:22:38'),
(7, 'impedit', 'Ut numquam officiis incidunt ratione. Ullam sed ullam nobis. Est dignissimos sed ducimus eligendi sunt. Expedita odit labore explicabo et ipsa blanditiis quo.', 559, 1, 13, '2019-04-21 13:22:38', '2019-04-21 13:22:38'),
(8, 'et', 'In sunt non repudiandae ut molestiae. Est sit consequatur in aut. Alias accusamus sint praesentium officiis aut blanditiis.', 220, 4, 4, '2019-04-21 13:22:38', '2019-04-21 13:22:38'),
(9, 'est', 'Dolorem ducimus qui aperiam qui quasi labore ea. Aut voluptatem eum quod repellendus ratione ab. Eum sunt recusandae natus quaerat incidunt natus commodi. Facilis rem voluptatem totam unde ad quis quia sit.', 219, 1, 3, '2019-04-21 13:22:38', '2019-04-21 13:22:38'),
(10, 'quo', 'Est aut laboriosam ut eius animi et. Aut sed veritatis repellat omnis dolore. Dolorum ex assumenda animi architecto earum perferendis ipsa. Eum totam ducimus hic quia tempora.', 878, 7, 3, '2019-04-21 13:22:38', '2019-04-21 13:22:38'),
(11, 'voluptatibus', 'Ratione autem veniam pariatur fuga rerum voluptatum voluptates. Similique voluptatibus unde hic ab numquam. Eligendi nam et repellendus ut. Amet est facere qui incidunt eaque laudantium est in. Aliquam quia blanditiis soluta dolore id.', 309, 4, 22, '2019-04-21 13:22:38', '2019-04-21 13:22:38'),
(12, 'perferendis', 'Voluptatibus numquam aut commodi tempore aliquam itaque et. Quia labore ea dolores qui vero dicta. Consectetur nihil eos vitae id. Dolores iste labore ipsam harum.', 532, 4, 16, '2019-04-21 13:22:38', '2019-04-21 13:22:38'),
(13, 'praesentium', 'Ducimus earum harum veritatis dolor error. Ut provident labore nam porro perspiciatis. At eos vitae sint recusandae omnis. Officiis deleniti et eum qui sed.', 827, 3, 24, '2019-04-21 13:22:38', '2019-04-21 13:22:38'),
(14, 'iure', 'Unde fugit quia enim officia at officiis et. Mollitia in et cum ut omnis. Voluptatum molestiae quo ut. Nemo natus rerum quasi et iste natus.', 547, 0, 21, '2019-04-21 13:22:38', '2019-04-21 13:22:38'),
(15, 'modi', 'Debitis aut nisi perspiciatis amet. Quae perspiciatis et velit voluptatem. Quia eius recusandae numquam fuga ex. Dolore nemo odit qui consequatur velit quia.', 378, 3, 9, '2019-04-21 13:22:38', '2019-04-21 13:22:38'),
(16, 'autem', 'Expedita et et saepe voluptates quos eveniet eum. Corrupti perspiciatis dolorum qui repellendus quia corrupti. Sapiente veritatis voluptas voluptas fuga aut est. Totam id sint corrupti distinctio aut.', 436, 5, 15, '2019-04-21 13:22:39', '2019-04-21 13:22:39'),
(17, 'beatae', 'Ipsa odit sit et voluptatum deserunt. Delectus est voluptatibus ab molestiae ut.', 385, 5, 12, '2019-04-21 13:22:39', '2019-04-21 13:22:39'),
(18, 'quisquam', 'Enim velit maiores suscipit nisi itaque autem omnis. Eaque ducimus autem velit beatae ut eius tempore. Molestiae architecto quia omnis qui voluptatibus qui. Et excepturi sit fugiat nobis maxime iusto. Ut veritatis id nobis.', 643, 4, 23, '2019-04-21 13:22:39', '2019-04-21 13:22:39'),
(19, 'natus', 'Nam expedita et alias quisquam deserunt sunt. Et facere commodi numquam deserunt error. Eum voluptatem tenetur delectus quia.', 405, 0, 11, '2019-04-21 13:22:39', '2019-04-21 13:22:39'),
(20, 'in', 'Aperiam ut ea qui sequi tempora voluptas. Possimus explicabo modi debitis perspiciatis. Optio quis earum distinctio.', 381, 0, 5, '2019-04-21 13:22:39', '2019-04-21 13:22:39'),
(21, 'aut', 'Et dolor facilis ipsum totam voluptatem. Ut commodi et recusandae fugit beatae. Ut non neque veniam aut tempora.', 822, 1, 6, '2019-04-21 13:22:39', '2019-04-21 13:22:39'),
(22, 'aperiam', 'Est qui aut explicabo molestiae enim ut. Officia et doloremque qui.', 280, 7, 19, '2019-04-21 13:22:39', '2019-04-21 13:22:39'),
(23, 'omnis', 'Velit aliquid facilis sint doloribus alias itaque qui. Quos natus rerum vel nihil.', 330, 7, 23, '2019-04-21 13:22:39', '2019-04-21 13:22:39'),
(24, 'tenetur', 'Numquam nisi cupiditate est tempora nostrum. Et voluptas aliquam dolorum porro quis. Omnis enim magnam nihil modi asperiores nostrum eum.', 226, 4, 22, '2019-04-21 13:22:39', '2019-04-21 13:22:39'),
(25, 'occaecati', 'Reiciendis fugit ipsa id accusantium. Molestiae quis sit expedita laboriosam facere quisquam.', 341, 7, 18, '2019-04-21 13:22:39', '2019-04-21 13:22:39'),
(26, 'totam', 'Nesciunt magnam omnis omnis nihil. Aliquid eum veniam fuga officiis facere voluptatem aspernatur dolorem. Ex asperiores id nemo aperiam eligendi omnis. Nobis perferendis distinctio dolores assumenda tempore quae suscipit.', 162, 7, 30, '2019-04-21 13:22:39', '2019-04-21 13:22:39'),
(27, 'animi', 'Maiores qui ut dolores sint illum rerum aperiam. Totam facilis quo enim atque. Neque eveniet pariatur nostrum voluptas qui fugit qui.', 812, 3, 15, '2019-04-21 13:22:39', '2019-04-21 13:22:39'),
(28, 'quis', 'Sequi autem eum rem nihil fuga. Sit ratione ratione nisi provident asperiores. Voluptatem corporis impedit harum. Animi deserunt est saepe sapiente.', 544, 3, 10, '2019-04-21 13:22:39', '2019-04-21 13:22:39'),
(29, 'autem', 'Recusandae molestiae at et autem repudiandae illo in molestiae. Odit error illum omnis praesentium optio.', 161, 0, 3, '2019-04-21 13:22:39', '2019-04-21 13:22:39'),
(30, 'aut', 'Vero sequi aut officiis aut omnis ab et. Ex odio dolores voluptas enim natus sint quaerat. Doloribus temporibus dicta ad doloribus. Ipsa omnis est assumenda nobis.', 552, 8, 26, '2019-04-21 13:22:39', '2019-04-21 13:22:39'),
(31, 'consequatur', 'Repellendus explicabo hic minima impedit laudantium. Et et in hic atque est. Eaque libero non ipsam ullam quisquam sunt cumque et.', 897, 9, 30, '2019-04-21 13:22:39', '2019-04-21 13:22:39'),
(32, 'eum', 'Quos adipisci doloremque in ut laudantium officiis magni. Quod consectetur dicta assumenda eos. Aut non soluta non veniam ab maiores.', 920, 0, 13, '2019-04-21 13:22:39', '2019-04-21 13:22:39'),
(33, 'rerum', 'Quas vel voluptas aut accusamus repellendus eos ipsam. Doloremque est vel est qui minima debitis est. Natus temporibus quia nisi facilis.', 512, 7, 10, '2019-04-21 13:22:39', '2019-04-21 13:22:39'),
(34, 'veritatis', 'Nihil officiis officia nam voluptate. Reprehenderit ratione et sint debitis. Quia sed temporibus dolorem expedita ut. Sunt vitae non qui quis.', 994, 4, 8, '2019-04-21 13:22:39', '2019-04-21 13:22:39'),
(35, 'sapiente', 'Tempora aut non provident voluptas aut dolores. Saepe facere labore reprehenderit cum animi tempore quasi est. Ratione qui vero delectus dolorem eum. Asperiores eius excepturi exercitationem et consequatur voluptatum. Voluptatem enim omnis aut quisquam quisquam est.', 452, 6, 15, '2019-04-21 13:22:39', '2019-04-21 13:22:39'),
(36, 'iste', 'Excepturi in dolor in similique assumenda. Est laboriosam voluptatem deserunt eligendi itaque. Eos et ipsa neque repellendus blanditiis voluptatem ea nobis. Sit vel nostrum sint quo.', 336, 6, 22, '2019-04-21 13:22:40', '2019-04-21 13:22:40'),
(37, 'eius', 'Ad vel ut nemo voluptate perferendis excepturi nulla. Qui ipsum saepe est architecto. Tempore sed molestias voluptas in quia.', 426, 1, 29, '2019-04-21 13:22:40', '2019-04-21 13:22:40'),
(38, 'itaque', 'Quo consequatur exercitationem corrupti sed est deleniti. Autem nihil debitis error velit inventore.', 952, 3, 9, '2019-04-21 13:22:40', '2019-04-21 13:22:40'),
(39, 'ex', 'Corporis temporibus id omnis necessitatibus et. Qui non consequatur ratione voluptate aut. Odit exercitationem dolor ut eos aperiam sit ut officiis.', 252, 8, 16, '2019-04-21 13:22:40', '2019-04-21 13:22:40'),
(40, 'reiciendis', 'Quia mollitia quo placeat nostrum assumenda nostrum. Impedit atque aperiam commodi officiis vero dolore. Ducimus omnis est nostrum.', 608, 4, 9, '2019-04-21 13:22:40', '2019-04-21 13:22:40'),
(41, 'dolor', 'Cum est eos aperiam sunt. Totam rerum est est iste reprehenderit aliquam fuga. Dolores temporibus voluptas quas perspiciatis corporis culpa commodi et.', 965, 2, 9, '2019-04-21 13:22:40', '2019-04-21 13:22:40'),
(42, 'molestias', 'Fugiat similique sit ullam soluta. Praesentium dolorem numquam minus delectus deleniti consequatur autem amet. Quas dignissimos suscipit rerum voluptatum non voluptatem quia. Libero sit et voluptatem non.', 911, 2, 6, '2019-04-21 13:22:40', '2019-04-21 13:22:40'),
(43, 'delectus', 'Quas est officiis eveniet et. Facere et aut blanditiis qui soluta. Inventore nihil quis illum. Voluptatibus laudantium aperiam eligendi et dolorem non voluptas.', 604, 1, 28, '2019-04-21 13:22:40', '2019-04-21 13:22:40'),
(44, 'nostrum', 'Corrupti consequatur quis voluptates aspernatur et. Quis doloribus saepe saepe. Autem eum sit hic aspernatur asperiores nihil et. Ad autem eum quod dolorem qui distinctio et.', 753, 3, 30, '2019-04-21 13:22:40', '2019-04-21 13:22:40'),
(45, 'accusantium', 'In qui iusto id quia quia. Nihil ut fugiat eos cum. Numquam autem beatae et explicabo. Qui eius aut aspernatur voluptatem.', 777, 7, 15, '2019-04-21 13:22:40', '2019-04-21 13:22:40'),
(46, 'voluptatibus', 'Similique explicabo eius ipsum ut. Corrupti explicabo et molestiae itaque aspernatur. Et et quia modi.', 977, 4, 4, '2019-04-21 13:22:40', '2019-04-21 13:22:40'),
(47, 'est', 'Et eum voluptatibus laudantium repudiandae eum enim ea. Voluptas unde voluptatem delectus. Suscipit sint veniam amet modi qui nostrum illum. Ratione voluptatum voluptatem quam hic.', 362, 3, 4, '2019-04-21 13:22:40', '2019-04-21 13:22:40'),
(48, 'est', 'Iusto cupiditate esse laborum voluptates nulla. Cum ad eligendi nam non sit. Laborum quas quasi sed quia consectetur.', 707, 6, 28, '2019-04-21 13:22:40', '2019-04-21 13:22:40'),
(49, 'aut', 'Aliquam cupiditate ipsum tempora iure voluptatem quia error. Cum expedita ab dolore officiis ipsam atque ut ducimus. Dolorem sunt velit tenetur sed. Aliquid qui iste et eius. Minus atque dolores velit qui.', 423, 7, 22, '2019-04-21 13:22:40', '2019-04-21 13:22:40'),
(50, 'nisi', 'Quibusdam laudantium odio qui saepe iusto aut eligendi. Illo nihil sed aut quis sunt sapiente expedita. Quia aut odit dolor. Ut sunt delectus architecto quia. Aut nisi deserunt quia aut esse qui quam eveniet.', 708, 7, 9, '2019-04-21 13:22:40', '2019-04-21 13:22:40');

-- --------------------------------------------------------

--
-- بنية الجدول `reviews`
--

CREATE TABLE `reviews` (
  `id` int(10) UNSIGNED NOT NULL,
  `product_id` int(10) UNSIGNED NOT NULL,
  `custmer` varchar(191) COLLATE utf8mb4_unicode_ci NOT NULL,
  `review` text COLLATE utf8mb4_unicode_ci NOT NULL,
  `star` int(11) NOT NULL,
  `created_at` timestamp NULL DEFAULT NULL,
  `updated_at` timestamp NULL DEFAULT NULL
) ENGINE=InnoDB DEFAULT CHARSET=utf8mb4 COLLATE=utf8mb4_unicode_ci;

--
-- إرجاع أو استيراد بيانات الجدول `reviews`
--

INSERT INTO `reviews` (`id`, `product_id`, `custmer`, `review`, `star`, `created_at`, `updated_at`) VALUES
(1, 37, 'Nelle Toy', 'Aut sint enim autem quo. Molestiae animi sunt excepturi iusto asperiores sed.', 2, '2019-04-21 13:22:41', '2019-04-21 13:22:41'),
(2, 40, 'Paxton Kertzmann', 'Minima dolor animi quasi aut. Eos ut cumque est doloremque. Nemo fugit ut in commodi et voluptas.', 5, '2019-04-21 13:22:41', '2019-04-21 13:22:41'),
(3, 11, 'Noemie Russel PhD', 'Quaerat recusandae dolor voluptatem sunt veniam libero. Molestias mollitia aut accusamus. Incidunt omnis quos sed quidem nihil quibusdam culpa. Sunt autem doloribus saepe enim pariatur sequi.', 0, '2019-04-21 13:22:41', '2019-04-21 13:22:41'),
(4, 1, 'Jermaine Dicki', 'Deserunt iusto nobis rerum magni qui quisquam est. Ut voluptas consequatur consequatur ea. Aliquam ea eos vero odit.', 5, '2019-04-21 13:22:41', '2019-04-21 13:22:41'),
(5, 9, 'Ceasar Emmerich', 'Ratione nostrum assumenda enim enim non. Et asperiores sunt aliquam quia ullam placeat. Fugiat totam incidunt voluptatibus ea.', 0, '2019-04-21 13:22:41', '2019-04-21 13:22:41'),
(6, 30, 'Cheyanne Wilderman', 'Odit repellat eveniet rerum molestiae ut. Necessitatibus reprehenderit quos ea quibusdam. Voluptate quia nobis iste iure adipisci. Eaque recusandae aut doloremque placeat sed ducimus sunt. Velit veritatis ad consequatur accusamus dignissimos modi ut nisi.', 2, '2019-04-21 13:22:41', '2019-04-21 13:22:41'),
(7, 15, 'Hermina Schuster', 'Tenetur iure delectus illum commodi placeat inventore aut. Magni veritatis animi et minus rerum accusamus. Eum quis consequatur et rerum quos ea corporis. Unde quo autem autem quia numquam cumque odit.', 3, '2019-04-21 13:22:41', '2019-04-21 13:22:41'),
(8, 27, 'Prof. Wendell Feil', 'Officia et exercitationem eos ut. Dolore assumenda quaerat consequatur eligendi non aut. Harum blanditiis sit vero minima. In blanditiis voluptates ut blanditiis minus consequatur.', 2, '2019-04-21 13:22:41', '2019-04-21 13:22:41'),
(9, 29, 'Leonor Rolfson', 'Sed quo ut fuga vero. Exercitationem vel harum ut repellat nihil ex quia totam. Illo nisi reiciendis dolores quod laborum atque.', 0, '2019-04-21 13:22:41', '2019-04-21 13:22:41'),
(10, 28, 'Mrs. Danika Collier Jr.', 'Totam est placeat qui nobis quasi et. Labore fugit distinctio quae. Aliquid amet at voluptatem delectus. Quasi minima quisquam tempora in quia et veniam.', 1, '2019-04-21 13:22:41', '2019-04-21 13:22:41'),
(11, 8, 'Holden Beahan Jr.', 'Dolores rerum ad sit ab cum sed rerum. Error vitae et alias provident. Dolor perferendis hic dolores non natus.', 3, '2019-04-21 13:22:41', '2019-04-21 13:22:41'),
(12, 49, 'Darion Larkin', 'Omnis iste rerum consequatur animi delectus. Excepturi nobis neque quod perferendis officiis. Unde excepturi et iusto officia est et. Et fuga aut consectetur quas eaque. Et est aut quis saepe quaerat dicta.', 4, '2019-04-21 13:22:41', '2019-04-21 13:22:41'),
(13, 4, 'Whitney Harber DDS', 'Totam et ea sequi quo. Nemo nisi blanditiis sed quibusdam. Aspernatur necessitatibus culpa aut tempora nulla est. In cum quo enim et maiores voluptate.', 4, '2019-04-21 13:22:41', '2019-04-21 13:22:41'),
(14, 36, 'Dr. Dion Rau III', 'Quia hic sit natus aliquid id. Natus beatae autem incidunt sit recusandae voluptatem. Unde architecto ex vitae possimus sed vel corporis. Eos dolorem dolores quidem et commodi consequuntur.', 1, '2019-04-21 13:22:41', '2019-04-21 13:22:41'),
(15, 50, 'Alaina Friesen Jr.', 'Molestiae fugiat sed provident hic qui fugiat eos. Dignissimos et odit cumque vel suscipit error. Aut aut in dolorem eum.', 0, '2019-04-21 13:22:41', '2019-04-21 13:22:41'),
(16, 39, 'Mr. Mervin Leannon', 'Delectus suscipit sit necessitatibus ipsum doloribus quia. Perspiciatis amet mollitia ut doloremque impedit. Voluptas et numquam incidunt nulla voluptatum eos.', 1, '2019-04-21 13:22:42', '2019-04-21 13:22:42'),
(17, 6, 'Emerson Funk', 'Eaque ut dolore molestiae qui. Et illo et est eaque dolore qui. Officiis quod tenetur culpa suscipit saepe ea. Molestias facere quia neque molestias voluptatem.', 2, '2019-04-21 13:22:42', '2019-04-21 13:22:42'),
(18, 18, 'Ceasar Kulas', 'Necessitatibus quia et molestiae architecto incidunt animi delectus. Quos atque illum tempora delectus praesentium fugiat. Ratione animi nulla cupiditate.', 2, '2019-04-21 13:22:42', '2019-04-21 13:22:42'),
(19, 8, 'Lois Gutkowski', 'Consequatur id eos corporis est omnis nostrum labore. Aut quia voluptatem est et explicabo. Autem quos consequatur aut fuga magni. Porro inventore rerum consequatur pariatur iure deleniti.', 1, '2019-04-21 13:22:42', '2019-04-21 13:22:42'),
(20, 17, 'Moises Barrows MD', 'Et autem enim architecto sed ut. Corporis aspernatur rem voluptatem at blanditiis sed. Nihil et ea hic et. Cumque ducimus alias minima laudantium quod.', 4, '2019-04-21 13:22:42', '2019-04-21 13:22:42'),
(21, 34, 'Dorris Hoppe', 'Aut nemo quod ut velit. Qui consequatur voluptas nihil quo repudiandae molestiae. Omnis tempora et sint voluptatem. Provident dolores molestiae porro sit eos sit a. Sit est cum autem quasi et adipisci quae.', 0, '2019-04-21 13:22:42', '2019-04-21 13:22:42'),
(22, 47, 'Brenna Rempel', 'Hic nulla ut vel repellendus sed quae distinctio. Consequatur temporibus totam repellendus voluptatem dolor dignissimos. Omnis nobis ducimus qui voluptas in laboriosam amet laboriosam. Officia harum aut id consequatur.', 5, '2019-04-21 13:22:42', '2019-04-21 13:22:42'),
(23, 14, 'Jaquelin Bechtelar', 'Sed aut numquam nulla voluptatem nisi dicta qui. Nisi consequatur impedit adipisci eligendi molestiae natus tempora. Dolor nam enim sit.', 2, '2019-04-21 13:22:42', '2019-04-21 13:22:42'),
(24, 37, 'Elisabeth Grimes V', 'Aut consectetur deserunt sed vel ut recusandae laudantium. Cupiditate deserunt exercitationem accusantium placeat eos. Veniam possimus in deleniti sequi. Sed voluptas iusto voluptatem voluptas sed corrupti.', 4, '2019-04-21 13:22:42', '2019-04-21 13:22:42'),
(25, 26, 'Katarina Wisoky I', 'Explicabo facilis aliquid sit dolores sunt ab rerum. Necessitatibus et ab dolorum asperiores. Quis est non atque ipsa aut qui.', 2, '2019-04-21 13:22:42', '2019-04-21 13:22:42'),
(26, 47, 'Dr. Wiley Boehm I', 'Enim eum cum aut laboriosam sunt in et sapiente. Quibusdam suscipit fugiat totam qui inventore. Ducimus sunt ullam atque numquam.', 2, '2019-04-21 13:22:42', '2019-04-21 13:22:42'),
(27, 33, 'Fleta Kilback DVM', 'Optio laboriosam ut iste eligendi ex recusandae. Laudantium voluptatem nisi corrupti molestias suscipit harum atque id. Fugiat sed assumenda qui officiis qui maiores.', 5, '2019-04-21 13:22:42', '2019-04-21 13:22:42'),
(28, 29, 'Prof. Norbert White Jr.', 'Iste blanditiis quasi doloremque sed impedit. Architecto repellendus ut suscipit omnis. Est provident vel repudiandae. Dignissimos excepturi a a autem veritatis illo deserunt.', 5, '2019-04-21 13:22:42', '2019-04-21 13:22:42'),
(29, 9, 'Houston Hilpert', 'Ipsa deserunt magnam laborum est facere earum et ad. Voluptatibus dolores ipsam nihil. Assumenda necessitatibus sequi earum et consectetur.', 3, '2019-04-21 13:22:42', '2019-04-21 13:22:42'),
(30, 23, 'Will Berge MD', 'Temporibus quidem rerum voluptate non omnis repellendus. Et quis ab voluptatem dolorem deleniti qui. Accusantium necessitatibus quos eveniet nobis qui facilis laborum.', 4, '2019-04-21 13:22:42', '2019-04-21 13:22:42'),
(31, 15, 'Stephon Marvin', 'Eaque enim molestiae excepturi. Reprehenderit nihil sapiente perferendis architecto. Nesciunt voluptatem aliquid nam alias quae iure.', 4, '2019-04-21 13:22:42', '2019-04-21 13:22:42'),
(32, 5, 'Tianna Ziemann', 'Soluta labore in quas. Qui temporibus voluptas et voluptatem totam. Totam aut aut corporis tempore. Sit aspernatur repudiandae nam voluptatem.', 2, '2019-04-21 13:22:42', '2019-04-21 13:22:42'),
(33, 26, 'Gianni Wolff', 'Non voluptatem animi non reiciendis non et cumque voluptas. Minus doloremque consequatur in recusandae. Eos illo non autem eius.', 2, '2019-04-21 13:22:42', '2019-04-21 13:22:42'),
(34, 25, 'Ms. Georgette Jerde', 'Sit expedita vel fugiat perferendis velit. Consectetur commodi ipsa earum architecto explicabo dolore libero. Ducimus architecto dolor a nostrum rerum alias voluptatum sunt. Reiciendis maxime alias omnis est.', 2, '2019-04-21 13:22:42', '2019-04-21 13:22:42'),
(35, 34, 'Mr. Franz Rutherford', 'Labore dolor doloribus eos nam minima totam neque. Natus voluptatem quod nulla illo mollitia nemo sit. Est id sed quidem. Animi ut eos sit laboriosam dolorem.', 3, '2019-04-21 13:22:43', '2019-04-21 13:22:43'),
(36, 19, 'Dandre Breitenberg', 'Voluptas officiis ea ab harum in a est. Eos facilis omnis mollitia quaerat veniam. Cumque debitis ut qui laborum.', 0, '2019-04-21 13:22:43', '2019-04-21 13:22:43'),
(37, 48, 'Greta Nolan', 'Rerum incidunt sapiente esse voluptates. Fugiat ea nobis et non. Quae quibusdam possimus temporibus reprehenderit beatae voluptatum sint.', 4, '2019-04-21 13:22:43', '2019-04-21 13:22:43'),
(38, 41, 'Amalia Trantow', 'Eum molestiae dolores aperiam quia porro. Vel quis aut odit maxime sint veniam. Fuga accusamus sed expedita aliquid ut laborum.', 2, '2019-04-21 13:22:43', '2019-04-21 13:22:43'),
(39, 23, 'Leanna Brekke', 'Non iure animi blanditiis quaerat ducimus consequatur. Repellendus aspernatur tempore sunt quia.', 3, '2019-04-21 13:22:43', '2019-04-21 13:22:43'),
(40, 37, 'Vergie Runte', 'Sint laborum porro soluta est ut aut omnis. Adipisci corporis enim voluptatibus dignissimos dolor veniam dolor recusandae. Illum ducimus nemo itaque. Est officia eum in esse aliquid.', 2, '2019-04-21 13:22:43', '2019-04-21 13:22:43'),
(41, 48, 'Geoffrey Ortiz', 'In nam ipsa vero sed minima. Aliquid fugit impedit ipsam. Quia culpa neque quo ea.', 2, '2019-04-21 13:22:43', '2019-04-21 13:22:43'),
(42, 14, 'Emilio Gutkowski', 'Voluptates ut sequi omnis rem debitis. Quia delectus minima harum fuga ullam similique qui. Amet similique voluptatem voluptatem. Et rerum tempore et.', 5, '2019-04-21 13:22:43', '2019-04-21 13:22:43'),
(43, 47, 'Blaise Nienow', 'Eos aut ea qui natus doloribus voluptatem. Laudantium vitae facere adipisci voluptas voluptatem. Aut enim veritatis unde enim omnis voluptas dignissimos. Sit voluptatem facilis amet quia quam.', 3, '2019-04-21 13:22:43', '2019-04-21 13:22:43'),
(44, 37, 'Phyllis Rempel', 'Quasi commodi est illo dolores. Voluptatum voluptas eos vitae facere porro laboriosam. Ipsa atque qui dolorem vitae exercitationem qui non.', 1, '2019-04-21 13:22:43', '2019-04-21 13:22:43'),
(45, 12, 'Mrs. Katheryn Heidenreich Sr.', 'Aut laborum provident hic quasi architecto quae. Voluptas voluptatem alias quibusdam ducimus quam vero ab. Eum reiciendis quidem saepe soluta est ut et facere.', 0, '2019-04-21 13:22:43', '2019-04-21 13:22:43'),
(46, 30, 'Vicente Marquardt', 'Molestiae non adipisci voluptatem est ut. Nemo nesciunt voluptatem fugiat non sunt porro. Dolorum accusamus magnam est ut quia eius enim illo. Corrupti accusantium quam nobis aliquid est.', 5, '2019-04-21 13:22:43', '2019-04-21 13:22:43'),
(47, 42, 'Elissa Thompson', 'Et in nostrum inventore voluptatem. Qui et ut temporibus libero et et delectus a. Nobis error et dolores voluptas rerum ipsam et. Fugit maiores minus et nihil.', 3, '2019-04-21 13:22:43', '2019-04-21 13:22:43'),
(48, 12, 'Garrick Satterfield', 'Veritatis et aut aut facere et reiciendis qui. Voluptatem autem libero nobis suscipit fuga doloribus. Mollitia nesciunt impedit illum quis quam sapiente deleniti. Ut ex similique aliquam.', 1, '2019-04-21 13:22:43', '2019-04-21 13:22:43'),
(49, 15, 'Brycen Blanda', 'Quia in similique nostrum magnam. Quam tempore molestias consequatur. Rem similique cumque id pariatur omnis ea aut debitis. Quos eum aut at hic quos reprehenderit vel. A cumque tempore eveniet et.', 2, '2019-04-21 13:22:43', '2019-04-21 13:22:43'),
(50, 28, 'Nadia Schaden', 'Est eos quisquam a voluptas earum ex nostrum. Id aut et aliquam veritatis. Adipisci fuga dignissimos unde provident sed optio repellendus.', 2, '2019-04-21 13:22:43', '2019-04-21 13:22:43'),
(51, 48, 'Herminia Reinger', 'Culpa veniam deserunt ullam ipsam. Aperiam doloremque rerum consequatur tempora. Animi voluptas officia et.', 5, '2019-04-21 13:22:44', '2019-04-21 13:22:44'),
(52, 6, 'Jamison Carter', 'Aut consequuntur similique amet qui sunt. Ratione libero dignissimos sed accusamus necessitatibus. Dicta similique quia illum harum. Voluptas asperiores nulla in et qui.', 0, '2019-04-21 13:22:44', '2019-04-21 13:22:44'),
(53, 33, 'Joshuah Emard', 'Tempora est non enim. Voluptate iste aut numquam quos.', 1, '2019-04-21 13:22:44', '2019-04-21 13:22:44'),
(54, 37, 'Anika Batz', 'Aut laboriosam eos qui in. Adipisci voluptates eius deleniti deleniti dolore id ratione officiis. Earum vero et repudiandae porro et non hic facilis. Quia temporibus eos repellat qui.', 4, '2019-04-21 13:22:44', '2019-04-21 13:22:44'),
(55, 8, 'Verlie Witting PhD', 'Cupiditate tempore molestias aut eum tempore enim hic. Enim enim suscipit perferendis facere et nemo. Ea assumenda quidem quia quas. Praesentium tempora mollitia minus non porro maxime.', 0, '2019-04-21 13:22:44', '2019-04-21 13:22:44'),
(56, 6, 'Karine Kiehn', 'Dolores dolor exercitationem delectus quia cupiditate aliquid et. Atque beatae ea ut culpa veritatis dolores eos. Reprehenderit consequuntur laborum occaecati numquam. Rerum a eos ipsam beatae ullam beatae et officiis.', 0, '2019-04-21 13:22:44', '2019-04-21 13:22:44'),
(57, 3, 'Cecil Lemke', 'Occaecati et ab maiores rerum ipsum exercitationem nemo. Voluptatem voluptatibus nihil rerum eum quia cum architecto velit. Nihil laboriosam error et voluptatibus. Nostrum quo neque provident repellat nesciunt.', 0, '2019-04-21 13:22:44', '2019-04-21 13:22:44'),
(58, 8, 'Jarrett Adams III', 'Autem aut aut molestiae ut quos omnis. Suscipit minima cupiditate impedit omnis veniam dolor consectetur et. Voluptatem laborum sint omnis non dolorem aperiam.', 1, '2019-04-21 13:22:44', '2019-04-21 13:22:44'),
(59, 39, 'Maynard Trantow', 'At quidem et totam molestiae et commodi corrupti. Quod labore saepe pariatur aperiam nihil nobis. Non deleniti id doloremque voluptatem dolor nisi. Velit adipisci autem et odio.', 0, '2019-04-21 13:22:44', '2019-04-21 13:22:44'),
(60, 46, 'Baby Hammes', 'Error repellat fuga est dolore enim sed. Sed non aperiam qui et quo perferendis quaerat. Odit ullam expedita veniam magnam est. Dolor est adipisci saepe ipsa. Corrupti pariatur facere ea aut ut cum dolorum.', 3, '2019-04-21 13:22:44', '2019-04-21 13:22:44'),
(61, 40, 'Dr. Palma McLaughlin PhD', 'Dolor tempore repellendus ut laborum. Est sunt quis qui rerum impedit reiciendis. Quisquam et est debitis quasi unde. Tempore aut voluptate deleniti est enim ullam repellat aliquid. Nulla libero dolore minus eos voluptatem nobis.', 0, '2019-04-21 13:22:44', '2019-04-21 13:22:44'),
(62, 30, 'Ms. Effie Heidenreich II', 'Dolorem aut praesentium magnam aut voluptas qui eius. Totam debitis rem rerum inventore. Saepe ut asperiores enim harum. Eius sed adipisci ut sed voluptatem aut ea.', 4, '2019-04-21 13:22:44', '2019-04-21 13:22:44'),
(63, 25, 'Henri Stehr', 'Libero amet eos sed sunt alias. Velit cupiditate impedit quidem iusto minima sed. Aut omnis alias labore expedita quia tempora iure.', 5, '2019-04-21 13:22:44', '2019-04-21 13:22:44'),
(64, 7, 'Randal Cormier', 'Quaerat ullam et voluptas eaque natus quo facere. Temporibus sunt voluptatem consequatur nulla velit. Eum vel non nisi magnam corrupti eum. Blanditiis illum sit quaerat.', 4, '2019-04-21 13:22:44', '2019-04-21 13:22:44'),
(65, 49, 'Mr. Jameson Spencer III', 'Dignissimos aut reiciendis laborum qui. Iste qui itaque cum excepturi ea ipsa adipisci.', 5, '2019-04-21 13:22:44', '2019-04-21 13:22:44'),
(66, 27, 'Shea Moore', 'Eum non quam ut molestias accusantium. Illo et velit cumque. Qui saepe vel qui perferendis est quidem. Dolor velit voluptatem maxime quo sunt necessitatibus nostrum.', 2, '2019-04-21 13:22:44', '2019-04-21 13:22:44'),
(67, 40, 'Dr. Kamryn Heathcote', 'Qui maiores sequi adipisci incidunt ullam sed. Pariatur doloribus maiores sint et reiciendis.', 1, '2019-04-21 13:22:44', '2019-04-21 13:22:44'),
(68, 23, 'Aurelia Boyle Sr.', 'Necessitatibus nihil est praesentium veritatis voluptatum. Sunt dolor officia similique asperiores sunt. Explicabo assumenda ipsam culpa dolores atque labore est.', 5, '2019-04-21 13:22:44', '2019-04-21 13:22:44'),
(69, 20, 'Earlene Hodkiewicz', 'Illo tempore sunt tempora numquam laudantium. Deleniti officia voluptas ab et odio. Autem laudantium nemo quaerat id. Libero porro reiciendis et doloribus ex dolores qui.', 3, '2019-04-21 13:22:45', '2019-04-21 13:22:45'),
(70, 26, 'Prof. Cruz Blanda II', 'Repudiandae voluptatem qui quaerat mollitia. Ut veritatis amet distinctio occaecati fugit autem impedit. Autem recusandae autem quas. Adipisci modi molestias distinctio ut consequatur non.', 1, '2019-04-21 13:22:45', '2019-04-21 13:22:45'),
(71, 20, 'Prof. Jack Bruen', 'Non laudantium sit fuga vero dolorem. Rem et non omnis et est. Enim et voluptatum nihil eum consequuntur sed perferendis. Cum molestiae error quisquam itaque nemo natus nihil.', 4, '2019-04-21 13:22:45', '2019-04-21 13:22:45'),
(72, 50, 'Kaleigh Medhurst', 'Occaecati voluptatibus illum pariatur aperiam. Autem enim at voluptatum ut. Animi voluptatem minus reprehenderit quis tempora expedita magni. Eveniet ut voluptatum ea ut assumenda dolor.', 3, '2019-04-21 13:22:45', '2019-04-21 13:22:45'),
(73, 41, 'Ulises Schaefer', 'Ea minima tempore magni illum. Ratione dolores odit aut dolor dolor. Voluptas nisi id id quia qui qui.', 5, '2019-04-21 13:22:45', '2019-04-21 13:22:45'),
(74, 43, 'Eloise Lang', 'Sit rerum unde doloremque accusantium. Consequatur inventore harum qui. Aperiam modi est tempora.', 3, '2019-04-21 13:22:45', '2019-04-21 13:22:45'),
(75, 46, 'Dr. Zander Aufderhar', 'Optio aliquid ut sit cupiditate qui architecto velit. Sunt cupiditate vero quos omnis et. Autem sunt quibusdam et. Atque ipsa nobis rem est atque laborum libero autem.', 3, '2019-04-21 13:22:45', '2019-04-21 13:22:45'),
(76, 49, 'Clay Bernier', 'A beatae sit molestias est. Velit minima illo asperiores impedit. Ut quia deleniti nemo.', 1, '2019-04-21 13:22:45', '2019-04-21 13:22:45'),
(77, 33, 'Mr. Angel Larkin', 'Saepe enim neque asperiores quis ab consequatur sed. Sit et ratione rerum non rem libero. Eum quisquam expedita exercitationem incidunt doloremque et suscipit.', 4, '2019-04-21 13:22:45', '2019-04-21 13:22:45'),
(78, 28, 'Dr. Wendell Hessel', 'Harum eaque perferendis alias pariatur. Possimus dolorem sunt velit praesentium. Sed mollitia vel quis sed qui.', 5, '2019-04-21 13:22:45', '2019-04-21 13:22:45'),
(79, 2, 'Jane Jacobs', 'Voluptas et qui officiis asperiores id. Aut atque et ea quos odit totam provident.', 5, '2019-04-21 13:22:45', '2019-04-21 13:22:45'),
(80, 23, 'Dr. Berenice Collins Jr.', 'Tempore voluptate repudiandae harum laborum sequi cumque odit. Dignissimos possimus aut eos iure recusandae ducimus. Voluptatem at animi eum.', 0, '2019-04-21 13:22:45', '2019-04-21 13:22:45'),
(81, 36, 'Jonathan Medhurst', 'Sint est amet ut sit facere ut. Molestias quas illum nulla ipsam voluptatem et eum. Quia dignissimos sunt corrupti modi aperiam.', 0, '2019-04-21 13:22:45', '2019-04-21 13:22:45'),
(82, 14, 'Jovanny Schamberger', 'Et nulla delectus odio aut dolorem eaque. Quidem nesciunt amet et et quas libero. Deleniti sequi aspernatur unde consectetur eaque. Eos sed temporibus qui eveniet est est natus.', 1, '2019-04-21 13:22:45', '2019-04-21 13:22:45'),
(83, 47, 'Nona Breitenberg Jr.', 'Explicabo tenetur corporis provident. Est qui aut commodi.', 1, '2019-04-21 13:22:46', '2019-04-21 13:22:46'),
(84, 44, 'Brett Runolfsdottir', 'Quas voluptas similique similique et. At voluptatem deserunt voluptatum deleniti voluptas magnam rerum. Iure a velit enim inventore.', 1, '2019-04-21 13:22:46', '2019-04-21 13:22:46'),
(85, 36, 'Lynn Robel', 'Suscipit odit qui quia voluptate facere ut itaque exercitationem. Sit sapiente optio illo rerum voluptate. Omnis nam molestias odio. Tempora ut dolores distinctio.', 2, '2019-04-21 13:22:46', '2019-04-21 13:22:46'),
(86, 16, 'Daisha Dietrich', 'Voluptas aut a quisquam porro porro sed aut. Sunt tempora culpa ut quia a enim. Enim officia aut quo.', 5, '2019-04-21 13:22:46', '2019-04-21 13:22:46'),
(87, 1, 'Mr. Nathanial Von', 'Deserunt aut id assumenda odio et fuga nihil. Sint odit voluptatem ut possimus perferendis et. Autem temporibus culpa et quaerat quo in velit. Occaecati et qui aspernatur aut mollitia sed unde.', 5, '2019-04-21 13:22:46', '2019-04-21 13:22:46'),
(88, 18, 'Agnes Langworth I', 'Debitis aliquam deleniti perferendis quod omnis sint. Nihil vero provident eum rerum provident quisquam voluptatem. Placeat accusamus ipsa iure sapiente molestias in fuga.', 0, '2019-04-21 13:22:46', '2019-04-21 13:22:46'),
(89, 27, 'Mr. Talon Kemmer DDS', 'Officia et est minus. Voluptatem adipisci qui nemo totam dolor aut. Est et amet voluptatem et repellendus.', 1, '2019-04-21 13:22:46', '2019-04-21 13:22:46'),
(90, 28, 'Dr. Nils Bernhard V', 'Porro et incidunt laboriosam. Sint cumque omnis delectus accusantium dolor atque. Quod libero quas repellendus eum qui autem in necessitatibus. Ad dolores culpa aut expedita quis minima earum delectus.', 5, '2019-04-21 13:22:46', '2019-04-21 13:22:46'),
(91, 15, 'Dr. Alejandrin Russel', 'Architecto doloribus temporibus animi nulla quae. Ipsa et tenetur labore doloribus nihil itaque aspernatur. Et dolore qui eos neque sint. Debitis optio fugit expedita eos et.', 4, '2019-04-21 13:22:46', '2019-04-21 13:22:46'),
(92, 30, 'Elijah Jacobi', 'Aperiam alias repellat est qui assumenda. Et omnis nihil fuga qui sunt aut eaque. Praesentium qui magnam sint expedita.', 5, '2019-04-21 13:22:46', '2019-04-21 13:22:46'),
(93, 25, 'Emiliano Bergnaum', 'Adipisci est voluptas autem accusantium autem iusto dolorem. Ut sit sit qui. Ut velit excepturi nihil aspernatur.', 5, '2019-04-21 13:22:46', '2019-04-21 13:22:46'),
(94, 12, 'Lorna Swaniawski', 'Eligendi deserunt adipisci voluptas et omnis iusto. Earum quibusdam quo tempore. Aut ipsa error nam dolores enim porro. Reprehenderit animi voluptatem impedit dolorum.', 0, '2019-04-21 13:22:46', '2019-04-21 13:22:46'),
(95, 46, 'Ronaldo McDermott', 'Voluptatem cum doloremque unde fugiat dolor. Dicta libero odio veritatis et iusto rem sequi. Nostrum a nisi odit autem laborum dolores. Reiciendis nesciunt sed mollitia voluptate nobis eos ut modi.', 3, '2019-04-21 13:22:46', '2019-04-21 13:22:46'),
(96, 18, 'Cooper Hintz', 'Facilis et omnis accusamus perspiciatis est. Nisi aut nam quod provident ut ipsam. Rerum quisquam neque unde velit aliquam eius aliquid.', 3, '2019-04-21 13:22:46', '2019-04-21 13:22:46'),
(97, 12, 'Adeline Ritchie', 'Est quia ducimus sunt est aut doloremque sit. Perferendis magni eius nihil optio aut nihil odit. Quas eum qui a laborum blanditiis sit non. Eos deserunt qui iure qui quo consequatur.', 3, '2019-04-21 13:22:46', '2019-04-21 13:22:46'),
(98, 12, 'Patricia Wiegand MD', 'Qui accusamus corrupti id ab. Velit et est ea similique consectetur est. Nesciunt asperiores voluptatem voluptas quisquam reprehenderit qui. Libero non recusandae nihil ut.', 4, '2019-04-21 13:22:46', '2019-04-21 13:22:46'),
(99, 35, 'Lacy Von', 'Eaque nobis officiis est quia rem voluptatem consectetur. Consectetur natus maiores culpa. Harum sit quisquam earum consequuntur animi. Nostrum autem quis ut quos error.', 1, '2019-04-21 13:22:47', '2019-04-21 13:22:47'),
(100, 35, 'Dr. Hunter Welch', 'Id magnam autem impedit. Blanditiis totam quia laudantium soluta ipsa a debitis nesciunt. Culpa necessitatibus at nobis earum quas.', 3, '2019-04-21 13:22:47', '2019-04-21 13:22:47'),
(101, 6, 'Yvonne Von', 'Suscipit mollitia magni voluptate et. Et alias ut adipisci maiores dolor ducimus. Et vel ut tempora et. Enim nihil molestias nesciunt.', 3, '2019-04-21 13:22:47', '2019-04-21 13:22:47'),
(102, 13, 'Alexandro O\'Hara PhD', 'Ipsum vero sequi laboriosam ut veritatis illum sint. Magni necessitatibus officiis quo consequatur dolorem. Quidem sequi omnis et ullam ut tempore. Minima aut similique corporis magnam illo. Laboriosam rerum est amet corporis.', 4, '2019-04-21 13:22:47', '2019-04-21 13:22:47'),
(103, 23, 'Libbie Littel', 'Ut aliquam sit officiis et. Et error voluptates voluptas. Est aliquid deleniti sed iure consequatur est placeat.', 5, '2019-04-21 13:22:47', '2019-04-21 13:22:47'),
(104, 27, 'Noe Streich', 'Neque nihil ad aut dolores nostrum. Magnam facere in consequatur. Quos quisquam quidem ut.', 3, '2019-04-21 13:22:47', '2019-04-21 13:22:47'),
(105, 35, 'Candace Torp', 'Qui eum cumque est quis recusandae est. Eum est quas laborum et. Ullam sed voluptatem consequuntur accusamus adipisci incidunt.', 5, '2019-04-21 13:22:47', '2019-04-21 13:22:47'),
(106, 8, 'Trever Von', 'Blanditiis dolore rerum veniam quia odio. Qui omnis et earum repellat temporibus. Exercitationem voluptas aut dolorem tempora.', 5, '2019-04-21 13:22:47', '2019-04-21 13:22:47'),
(107, 3, 'Ansel Stiedemann', 'Aut velit expedita est sed. Libero tempore voluptatem ut. Asperiores aperiam alias natus ipsa quis.', 0, '2019-04-21 13:22:47', '2019-04-21 13:22:47'),
(108, 32, 'Jammie Kozey', 'Occaecati consequatur voluptatem non minus velit veritatis. Exercitationem atque ut et. Blanditiis tenetur veniam sunt rerum ut eveniet maxime. Et eligendi ipsa repellat impedit beatae nobis.', 4, '2019-04-21 13:22:47', '2019-04-21 13:22:47'),
(109, 32, 'Danny Donnelly', 'Aliquam consequuntur vel quam laboriosam qui veniam et. Nobis quis quo eos ut laudantium. Repellat quo tempore voluptatum dolor hic sit. Eos rerum perferendis pariatur voluptatem consequuntur.', 1, '2019-04-21 13:22:47', '2019-04-21 13:22:47'),
(110, 3, 'Claude Abernathy', 'Ut dolor amet libero adipisci. Rem neque repudiandae consequatur voluptates aut quia. Eius et consequatur consequatur sed repellendus assumenda iste.', 1, '2019-04-21 13:22:47', '2019-04-21 13:22:47'),
(111, 3, 'Mr. Vidal Schmitt Jr.', 'Qui dolorem recusandae velit excepturi. Magnam laudantium autem consequatur culpa.', 3, '2019-04-21 13:22:47', '2019-04-21 13:22:47'),
(112, 30, 'Mittie Pfannerstill I', 'Quae omnis sed ea qui. Eum qui quas est tenetur. Ut et eum quis et et in ipsum. Nulla sed eos itaque aut cumque.', 5, '2019-04-21 13:22:47', '2019-04-21 13:22:47'),
(113, 8, 'Ross Bartoletti', 'Tenetur ut tempore ut quis laudantium. Tempora assumenda dignissimos repudiandae quos adipisci illo rerum nam. Maxime nobis qui exercitationem perspiciatis.', 2, '2019-04-21 13:22:48', '2019-04-21 13:22:48'),
(114, 29, 'Rubye Robel', 'Et cumque et est voluptatem praesentium. Et quasi quia deleniti tenetur autem blanditiis. Quae voluptas eos quidem et. Fuga fugit et et in vel fuga reiciendis.', 5, '2019-04-21 13:22:48', '2019-04-21 13:22:48'),
(115, 6, 'Rachel Fahey MD', 'Sit qui voluptas consequatur commodi aliquid. Ab architecto sed sed dignissimos doloribus illo. Explicabo molestiae qui suscipit tenetur facere praesentium.', 4, '2019-04-21 13:22:48', '2019-04-21 13:22:48'),
(116, 17, 'Ubaldo Waters', 'Aut et libero doloribus ut. Porro non fuga rem. Exercitationem aliquid itaque ipsum in aspernatur.', 5, '2019-04-21 13:22:48', '2019-04-21 13:22:48'),
(117, 48, 'Kamille Will V', 'Voluptatem blanditiis quis consequatur voluptate. Explicabo magnam assumenda mollitia optio assumenda. Quia quo quos quod.', 5, '2019-04-21 13:22:48', '2019-04-21 13:22:48'),
(118, 38, 'Ms. Daija Schulist V', 'Vitae earum laborum quo neque ut et pariatur omnis. Debitis perspiciatis quia adipisci numquam. Totam itaque ipsum quisquam necessitatibus repudiandae labore officiis. Eum aut labore expedita.', 1, '2019-04-21 13:22:48', '2019-04-21 13:22:48'),
(119, 4, 'Obie Thiel', 'Eum odit alias ea et quam excepturi. Fuga qui nobis nesciunt fuga cumque voluptate itaque. Esse ut non non.', 4, '2019-04-21 13:22:48', '2019-04-21 13:22:48'),
(120, 19, 'Mary Romaguera DDS', 'Assumenda dolor iste quia accusantium quis quo dolor. Sunt aut totam recusandae est nisi. Facere veniam et nostrum et.', 0, '2019-04-21 13:22:48', '2019-04-21 13:22:48'),
(121, 39, 'Jazlyn Cormier', 'Et repudiandae distinctio reiciendis excepturi sint corrupti quis. Quia dolore est ad dolor est. Harum qui doloribus ea ab et repellendus nobis. Totam minima est sapiente et aliquam.', 0, '2019-04-21 13:22:48', '2019-04-21 13:22:48'),
(122, 18, 'Dayne Hahn', 'Dolorum nobis distinctio ut ut dolorem deserunt. Assumenda aut omnis esse occaecati magni laboriosam. Voluptatem numquam cumque eveniet occaecati voluptate ducimus autem atque. Sunt qui dolorem totam.', 0, '2019-04-21 13:22:48', '2019-04-21 13:22:48'),
(123, 28, 'Prof. Adrianna Gutkowski II', 'In tempora quia eos ea saepe laudantium et tempore. Animi voluptatem tenetur deleniti minima in recusandae. Sequi et ut necessitatibus quia nam. Aliquam qui omnis et quae blanditiis culpa molestiae.', 0, '2019-04-21 13:22:48', '2019-04-21 13:22:48'),
(124, 5, 'Mr. Josh Herzog V', 'Tempore nemo assumenda quo harum. Quas expedita unde cumque velit qui quibusdam. Quia ad blanditiis corrupti eos.', 4, '2019-04-21 13:22:48', '2019-04-21 13:22:48'),
(125, 44, 'Maryam Rau', 'Natus qui qui repellat est. Id quia dolorem esse. Tempore distinctio in expedita aut rem. Ex ducimus nam fugit perspiciatis.', 3, '2019-04-21 13:22:48', '2019-04-21 13:22:48'),
(126, 1, 'Vance Welch', 'Facere eum recusandae mollitia laudantium deleniti. Ab debitis suscipit nihil aliquam ea. Officiis aut maxime blanditiis aspernatur ullam. Autem maxime esse est excepturi aperiam voluptatem qui odio.', 5, '2019-04-21 13:22:48', '2019-04-21 13:22:48'),
(127, 18, 'Adrian Kirlin', 'Voluptate ut laboriosam ipsum exercitationem doloribus illo nostrum. Voluptatem a qui ea et rem odio. Voluptatem qui explicabo vel ex. Officia sed et harum reprehenderit.', 3, '2019-04-21 13:22:48', '2019-04-21 13:22:48'),
(128, 8, 'Luciano Breitenberg', 'Iusto nulla nostrum consectetur soluta illum corporis molestias. Cupiditate et possimus cumque. Sequi architecto dolorum laudantium similique autem. Culpa ipsum unde consequatur quo temporibus nam.', 4, '2019-04-21 13:22:49', '2019-04-21 13:22:49'),
(129, 3, 'Mrs. Rita Barton DDS', 'Consequatur totam et laborum aut totam unde iure. Dolorem consequatur aut eos nulla. Voluptatibus est delectus aliquam libero et debitis.', 0, '2019-04-21 13:22:49', '2019-04-21 13:22:49'),
(130, 12, 'Dale Rolfson', 'Laborum ad et quidem neque aperiam. Autem beatae facere ad quia quis officia. Assumenda est quaerat maxime cum ducimus sit nulla quibusdam. Ea quos doloremque enim quis illum voluptates soluta.', 3, '2019-04-21 13:22:49', '2019-04-21 13:22:49'),
(131, 17, 'Rita Blick', 'Voluptatem reiciendis quis cum voluptatibus sit aspernatur. Vel consequatur accusamus fugit voluptas eos. Voluptas rerum rem rerum natus et fugit asperiores et.', 0, '2019-04-21 13:22:49', '2019-04-21 13:22:49'),
(132, 11, 'Guido Glover', 'Vel molestias aut minus magnam saepe. Voluptatum porro qui mollitia nemo illo nemo pariatur. Quo a sint et voluptatum.', 2, '2019-04-21 13:22:49', '2019-04-21 13:22:49'),
(133, 32, 'Colten Mraz', 'Nihil ex sapiente cumque vel autem repellat itaque. Itaque reprehenderit nesciunt et non expedita in et.', 0, '2019-04-21 13:22:49', '2019-04-21 13:22:49'),
(134, 39, 'Olin Quigley', 'Enim explicabo ut quisquam similique vel. Harum iure corrupti recusandae. Vitae enim voluptas nihil aperiam nemo.', 4, '2019-04-21 13:22:49', '2019-04-21 13:22:49'),
(135, 24, 'Alison Halvorson DVM', 'Porro illum et molestiae ab maiores totam. Consequatur reiciendis et earum repudiandae deleniti sunt distinctio. Itaque officiis ab quisquam voluptas molestiae corporis. Omnis esse nemo qui delectus.', 4, '2019-04-21 13:22:49', '2019-04-21 13:22:49'),
(136, 29, 'Destiny Koelpin', 'Enim hic porro modi. Et architecto quasi eos sit. Labore deleniti aut architecto. Quis et eos pariatur eaque fugiat quae sed.', 0, '2019-04-21 13:22:49', '2019-04-21 13:22:49'),
(137, 12, 'Anjali Kohler', 'Sit dolorem impedit cumque fugit. Blanditiis repellat laudantium accusamus itaque est. Ipsum dolorum repudiandae sunt.', 0, '2019-04-21 13:22:49', '2019-04-21 13:22:49'),
(138, 37, 'Krystal Bruen', 'Nostrum modi velit et id esse adipisci numquam. Adipisci sit qui rerum harum. Quia laudantium ut quasi quam voluptas enim iure. Deserunt et qui explicabo repudiandae.', 4, '2019-04-21 13:22:49', '2019-04-21 13:22:49'),
(139, 12, 'Mrs. Lilly Ledner', 'Autem vel quia ratione rerum. Fugiat libero ex cum laborum qui fuga eveniet.', 5, '2019-04-21 13:22:49', '2019-04-21 13:22:49'),
(140, 8, 'Noe Ledner', 'Saepe reiciendis debitis voluptas tenetur. Labore architecto quis repellendus et. In nesciunt exercitationem atque error est rem molestias.', 4, '2019-04-21 13:22:49', '2019-04-21 13:22:49'),
(141, 15, 'Precious Kulas', 'Ut dolores eum minus maiores. Eaque enim ratione aut dolore itaque velit. Fugit facilis laboriosam ducimus temporibus et.', 1, '2019-04-21 13:22:49', '2019-04-21 13:22:49'),
(142, 3, 'Prof. Allan Auer Sr.', 'Odio ut dolorum fugit voluptatem ut fuga. Est quibusdam sit deserunt et rerum modi occaecati et. Reprehenderit quasi repellendus sed similique. Aut corporis et nemo sint voluptatem.', 0, '2019-04-21 13:22:50', '2019-04-21 13:22:50'),
(143, 32, 'Antone Powlowski', 'Assumenda dolor quae eum doloremque laudantium est fugit qui. Nam alias nulla mollitia aut. Sunt dolores et sit quaerat.', 1, '2019-04-21 13:22:50', '2019-04-21 13:22:50'),
(144, 40, 'Bryon Deckow', 'Doloribus ipsam excepturi doloribus quia excepturi qui. Rerum asperiores reprehenderit alias excepturi. Consequuntur harum sunt dolor enim consequuntur.', 1, '2019-04-21 13:22:50', '2019-04-21 13:22:50'),
(145, 4, 'Mohammad Tromp', 'Eum eaque sint omnis laboriosam porro ullam tempora. Itaque temporibus minus exercitationem odio a. Quo qui incidunt ea voluptate.', 1, '2019-04-21 13:22:50', '2019-04-21 13:22:50'),
(146, 33, 'Dr. Alisa Kovacek IV', 'Quod sunt exercitationem sint. Aut repellat rerum quo voluptas consequuntur quasi. Et placeat dignissimos facere eveniet reiciendis. Quis ea dolores culpa dolorem.', 3, '2019-04-21 13:22:50', '2019-04-21 13:22:50'),
(147, 36, 'Mr. Benny Ebert', 'Voluptates id sit cumque eveniet id. Et et sunt itaque minima sit. Sed laborum expedita sit commodi ut veritatis expedita.', 2, '2019-04-21 13:22:50', '2019-04-21 13:22:50'),
(148, 31, 'Alek Schmeler', 'Quisquam temporibus accusantium ut aut ut quia consectetur. Voluptatibus ipsum nemo ad animi et doloremque sed. Doloremque a enim veniam non culpa nam repellendus.', 2, '2019-04-21 13:22:50', '2019-04-21 13:22:50'),
(149, 31, 'Ms. Shawna Brown', 'Sit voluptate nihil tempora laboriosam ab. Voluptatum quo nam facere dolor est fugit commodi. Quia consequatur sed aut omnis.', 2, '2019-04-21 13:22:50', '2019-04-21 13:22:50'),
(150, 45, 'Alexzander Larson III', 'Qui dolores odio et praesentium. Dicta veniam sequi nam suscipit doloremque officia. Nisi ex occaecati non. Doloremque officia nihil delectus quia impedit aut repellat.', 2, '2019-04-21 13:22:50', '2019-04-21 13:22:50'),
(151, 10, 'Ms. Candice Hickle Sr.', 'Omnis odio sit sed distinctio. Aut voluptatem ullam harum qui. Aut non ex cumque odio dolores molestiae. Ut vel nihil debitis odit non voluptatem.', 2, '2019-04-21 13:22:50', '2019-04-21 13:22:50'),
(152, 13, 'Alexandrea Pagac', 'Quia repellat libero perspiciatis sint officiis autem et. Nobis doloribus sapiente quia praesentium distinctio alias quis vitae. Eos dolores omnis culpa. Error aut distinctio aspernatur asperiores non aliquid.', 3, '2019-04-21 13:22:50', '2019-04-21 13:22:50'),
(153, 34, 'Dr. Reed Parisian DVM', 'Quibusdam fuga et ab at omnis voluptatem nihil. Veniam adipisci magnam alias voluptatem illo eos sit sint. Animi iusto enim maiores nobis ad non. Aut consectetur enim laborum laudantium blanditiis in.', 2, '2019-04-21 13:22:50', '2019-04-21 13:22:50'),
(154, 35, 'Dandre Stiedemann', 'Quo incidunt debitis ex id. Voluptas sit est possimus maiores rerum rem. Repellendus quia enim omnis numquam.', 3, '2019-04-21 13:22:50', '2019-04-21 13:22:50'),
(155, 7, 'Prof. Giovanni Mann PhD', 'Nostrum asperiores ut libero consequatur veniam debitis. Est enim nostrum laborum occaecati. Ut molestiae delectus et consectetur sunt.', 2, '2019-04-21 13:22:50', '2019-04-21 13:22:50'),
(156, 4, 'Khalil Runte', 'Numquam enim aliquam eum et nostrum omnis mollitia exercitationem. Magni beatae fugiat fugiat tempore nesciunt corporis odio. Inventore magni laborum et pariatur temporibus magni est.', 1, '2019-04-21 13:22:50', '2019-04-21 13:22:50'),
(157, 21, 'Stefan Upton', 'Est enim et ea voluptas suscipit. Consequatur veniam laborum dignissimos cum qui dolore. Voluptatum at ut non et praesentium praesentium.', 4, '2019-04-21 13:22:50', '2019-04-21 13:22:50'),
(158, 21, 'Brent Emmerich', 'Quos vitae qui culpa dicta similique. Non sit sequi nostrum id quasi iure pariatur. Et odio aspernatur vel et nulla qui.', 3, '2019-04-21 13:22:50', '2019-04-21 13:22:50'),
(159, 5, 'Gaetano Keeling', 'Impedit voluptatem assumenda quia quaerat ullam porro odio aliquam. Repellat iure maxime natus consequuntur voluptas in. Magni a ad velit recusandae sed velit officia. Sit molestiae omnis est eligendi saepe quisquam illo.', 5, '2019-04-21 13:22:50', '2019-04-21 13:22:50'),
(160, 35, 'Dr. Morton Okuneva', 'Assumenda repellat quaerat dolores voluptatem tenetur rerum. Quo amet tempore aut tempore. Doloremque eum eos aut occaecati commodi voluptas. Est temporibus non natus inventore ipsa. Est iusto nihil non vitae.', 5, '2019-04-21 13:22:50', '2019-04-21 13:22:50'),
(161, 6, 'Lonnie Doyle', 'Impedit necessitatibus id voluptatum odio. Corporis aut veritatis eius suscipit dolore itaque sit. In id perspiciatis dolore porro excepturi voluptatibus.', 3, '2019-04-21 13:22:50', '2019-04-21 13:22:50'),
(162, 24, 'Breanne Hackett III', 'Temporibus eos et ut voluptas doloremque. Nemo ducimus sit id et. Non cum est qui saepe. Sit at quas quis quia.', 2, '2019-04-21 13:22:50', '2019-04-21 13:22:50'),
(163, 5, 'Peggie Klocko', 'Iusto dolorem sit qui dolore et et veniam. Facilis temporibus ea et sunt provident. Nostrum omnis culpa dolorem est dolor sequi. Quis aut cupiditate ipsam exercitationem voluptas et suscipit molestias.', 1, '2019-04-21 13:22:50', '2019-04-21 13:22:50'),
(164, 17, 'Henriette Okuneva', 'Fugiat alias fugiat cupiditate deserunt accusantium magni. Magni voluptates suscipit beatae recusandae cumque natus quia.', 4, '2019-04-21 13:22:51', '2019-04-21 13:22:51'),
(165, 43, 'Raina Thompson II', 'Adipisci inventore rerum recusandae praesentium. Rerum cumque sed ipsum velit quia nostrum qui. Accusantium et voluptas voluptate exercitationem aperiam nam. Et iste est quia aut quia.', 0, '2019-04-21 13:22:51', '2019-04-21 13:22:51'),
(166, 37, 'Terry VonRueden', 'Impedit amet minus quo et veniam et illum. Expedita qui voluptates hic omnis eaque. Voluptatem et similique quaerat tenetur velit reprehenderit nisi. Accusantium maiores laudantium ipsa vero voluptatibus quo.', 4, '2019-04-21 13:22:51', '2019-04-21 13:22:51'),
(167, 2, 'Elliott Hauck I', 'Omnis et repellendus quia rerum. Est repellat doloremque totam dolor. Amet alias autem temporibus eligendi.', 4, '2019-04-21 13:22:51', '2019-04-21 13:22:51'),
(168, 36, 'Omer Sipes', 'Sed neque consequuntur dignissimos tenetur vel dolore illum. Possimus molestiae omnis nobis nihil sed. Ab id fugit illum dolorem nesciunt quibusdam ea.', 1, '2019-04-21 13:22:51', '2019-04-21 13:22:51'),
(169, 5, 'Norberto Keeling', 'Ut et earum harum omnis unde non. Nam qui qui consequuntur officia temporibus. Dolore temporibus rerum eligendi. Ratione tempore officia totam atque consequuntur quia. Adipisci accusamus quo id et omnis dolore dolores eum.', 1, '2019-04-21 13:22:51', '2019-04-21 13:22:51'),
(170, 38, 'Marc Jacobs', 'Eum veniam et dolores et fuga architecto. Alias possimus nulla ut aut aut accusamus dolore. Dolorem ut cum dolor provident sunt.', 5, '2019-04-21 13:22:51', '2019-04-21 13:22:51'),
(171, 49, 'Dr. Alek Schulist II', 'Pariatur sit debitis et. Alias corporis occaecati illo nesciunt expedita quaerat. Sit illum recusandae accusamus laudantium at sit est.', 5, '2019-04-21 13:22:51', '2019-04-21 13:22:51'),
(172, 10, 'Andreanne Jacobi', 'Et molestiae consectetur sint repellendus beatae aliquam consequatur. Numquam incidunt ea est. Ea temporibus ipsa aliquid nam ut. Quis veritatis omnis voluptatem ut voluptas. Est dignissimos ad dolorem qui ea.', 4, '2019-04-21 13:22:51', '2019-04-21 13:22:51'),
(173, 29, 'Franz Rowe', 'Voluptatibus dolores quod omnis temporibus commodi nesciunt incidunt modi. Autem ea temporibus provident dolor placeat quasi voluptas. Nemo sint autem velit vitae asperiores cumque quasi.', 1, '2019-04-21 13:22:51', '2019-04-21 13:22:51'),
(174, 28, 'Prof. Frederick Langworth', 'Voluptas porro aut illo et natus maxime animi placeat. Deserunt eum velit hic iste sit molestiae fugiat tempore. Recusandae veniam ab debitis. Quasi voluptatem enim inventore et sed.', 1, '2019-04-21 13:22:51', '2019-04-21 13:22:51'),
(175, 13, 'Emil Hermiston V', 'Quo doloribus doloribus esse et sint qui officiis recusandae. Delectus sunt voluptatem laboriosam omnis molestiae error. Rerum modi qui non possimus et. Optio suscipit ullam sit delectus quibusdam omnis alias.', 2, '2019-04-21 13:22:51', '2019-04-21 13:22:51'),
(176, 7, 'Andreane Dietrich', 'Laborum ratione excepturi vero reiciendis culpa ea exercitationem autem. Magnam et nihil voluptates sed corrupti. Harum quos quam dolor nihil suscipit sunt id. Accusantium qui harum illum rerum eveniet sunt.', 4, '2019-04-21 13:22:51', '2019-04-21 13:22:51'),
(177, 29, 'Danny Wyman Sr.', 'Unde dolorum doloribus amet provident sint in. Commodi id eius earum voluptate officia eius eaque. Tempora amet libero ut nemo quisquam omnis impedit. Id eaque autem unde maxime.', 0, '2019-04-21 13:22:51', '2019-04-21 13:22:51'),
(178, 36, 'Carley Ryan II', 'Est officia sunt ea sequi eum similique. Libero dolores et aliquam distinctio sit sit dolore. Quisquam voluptatem sit et. Ut quidem rerum ipsam quo.', 1, '2019-04-21 13:22:51', '2019-04-21 13:22:51'),
(179, 14, 'Colton Ondricka III', 'Dignissimos eius quos recusandae quisquam esse dolorem. Incidunt placeat nihil repellendus fuga repellendus consequatur veniam. Quo sed eos repellendus rerum. Id qui sunt quam magnam natus.', 4, '2019-04-21 13:22:51', '2019-04-21 13:22:51'),
(180, 23, 'Jamil Stokes', 'Ullam qui veritatis eos dicta deserunt. Doloribus ab quasi unde sunt nam sit commodi maxime. Magnam quae ad ipsam reiciendis autem corporis dicta. Voluptatibus sit amet est facilis voluptas magnam culpa veritatis.', 4, '2019-04-21 13:22:51', '2019-04-21 13:22:51'),
(181, 39, 'Alysson Heller', 'Aut laudantium molestiae incidunt possimus hic quisquam. Aliquid dolor ipsum ut.', 5, '2019-04-21 13:22:51', '2019-04-21 13:22:51'),
(182, 4, 'Edgar Wisoky', 'Blanditiis hic aliquid hic voluptas ipsum aut a ad. Vel assumenda aut voluptas laborum omnis hic nisi. Non ut aperiam ea id ducimus. Quia occaecati aliquam rem earum quia.', 1, '2019-04-21 13:22:51', '2019-04-21 13:22:51'),
(183, 31, 'Dangelo Keebler', 'Aliquid ad placeat ut omnis cupiditate. Maxime nemo praesentium voluptatibus aut nihil dicta et. Velit numquam voluptas quod officiis quia amet sint omnis.', 1, '2019-04-21 13:22:52', '2019-04-21 13:22:52'),
(184, 38, 'Prof. Lamar Durgan III', 'Sit eum pariatur autem delectus officia dignissimos cum asperiores. Minus natus necessitatibus commodi inventore. Quisquam quidem nemo pariatur enim aliquam qui. Quisquam fugit enim aliquam.', 5, '2019-04-21 13:22:52', '2019-04-21 13:22:52'),
(185, 44, 'Berneice Kemmer', 'Tenetur consequatur facilis in perspiciatis sed rerum. Quaerat sint ipsa hic dolores et magni aliquam. Sunt quaerat tempore perspiciatis et aspernatur. Reiciendis ea illum aut rerum molestiae eos aut.', 4, '2019-04-21 13:22:52', '2019-04-21 13:22:52'),
(186, 19, 'Dr. Howell Dibbert DVM', 'Deserunt sed est sed dignissimos et velit. Assumenda aut iste quia iure non autem. Ab dolores consequatur eum tenetur repudiandae laudantium. Et nam quo eveniet aut nihil et.', 5, '2019-04-21 13:22:52', '2019-04-21 13:22:52'),
(187, 11, 'Dax Reinger', 'Sequi nam repellendus id temporibus sit minus. Libero dignissimos aliquid iure incidunt in. Placeat incidunt id perferendis reiciendis.', 1, '2019-04-21 13:22:52', '2019-04-21 13:22:52'),
(188, 15, 'Carolyne Rutherford', 'Unde nihil ipsa quidem officiis expedita. Consequuntur et officia totam. Itaque officia modi reiciendis inventore illo. Perspiciatis assumenda cumque sequi ratione eos.', 4, '2019-04-21 13:22:52', '2019-04-21 13:22:52'),
(189, 12, 'Emmanuelle Walsh', 'Illum ducimus quibusdam asperiores aut. Necessitatibus non delectus id non qui. Est architecto velit similique alias possimus culpa deleniti. Est facere dolorum porro ratione.', 4, '2019-04-21 13:22:52', '2019-04-21 13:22:52'),
(190, 8, 'Natasha Zieme', 'Officiis nemo mollitia velit. Qui aut non rerum omnis quisquam. Nihil ex numquam consequuntur ab distinctio. Dicta ea sunt maiores laboriosam excepturi et.', 1, '2019-04-21 13:22:52', '2019-04-21 13:22:52'),
(191, 28, 'Weldon Bartoletti', 'Sunt atque ex ducimus quae. Deleniti expedita modi nisi reiciendis. Dicta voluptas et optio consequatur recusandae.', 5, '2019-04-21 13:22:52', '2019-04-21 13:22:52'),
(192, 40, 'Ms. Pascale Ryan Jr.', 'Commodi accusantium quasi recusandae quos praesentium excepturi. Repudiandae suscipit magni maxime tempore. Dolorem assumenda vel adipisci qui quia ullam. Repellat ea laborum eos.', 2, '2019-04-21 13:22:52', '2019-04-21 13:22:52'),
(193, 3, 'Brant Sipes DVM', 'Modi quia quisquam ut ut. Autem soluta amet ut exercitationem corrupti id. Consequatur ducimus sapiente quasi odio. Commodi pariatur sequi consectetur odio.', 3, '2019-04-21 13:22:52', '2019-04-21 13:22:52'),
(194, 23, 'Cordia Herzog', 'Maxime harum id fugit. Commodi optio non sed aut ducimus eaque aut sit. Natus odit et eos. Quod rerum culpa et rerum voluptas voluptatibus inventore.', 5, '2019-04-21 13:22:52', '2019-04-21 13:22:52'),
(195, 46, 'Mr. Ayden Crooks II', 'At nulla est debitis et nesciunt et sapiente. Quibusdam omnis quod occaecati ut excepturi minima. Debitis tempore repellendus sapiente iste quo placeat repudiandae. Eveniet est alias necessitatibus.', 4, '2019-04-21 13:22:52', '2019-04-21 13:22:52'),
(196, 49, 'Antonetta Corwin', 'Libero officiis natus porro atque sit tenetur culpa. Corporis vel non atque voluptate corporis. Maxime sint quas consequuntur.', 4, '2019-04-21 13:22:53', '2019-04-21 13:22:53'),
(197, 46, 'Claire Kohler', 'Rerum cupiditate accusantium tempore. Qui ex culpa quo quo laboriosam fuga nam ea. Dolorem aut eaque architecto nisi blanditiis consequuntur ipsam.', 5, '2019-04-21 13:22:53', '2019-04-21 13:22:53'),
(198, 44, 'Stephon Wolff', 'Odit qui aliquid sed pariatur repellat omnis quo quod. Quia iure excepturi at vel. Eveniet aut dignissimos beatae maiores. At doloremque dolorum quod quis quo similique eum.', 1, '2019-04-21 13:22:53', '2019-04-21 13:22:53'),
(199, 39, 'Mr. Lonny Beatty Jr.', 'Molestiae ea est velit dolores unde velit in expedita. Aut impedit incidunt quo sed aut. Excepturi aspernatur vel molestiae atque. Est et blanditiis qui esse. Molestiae doloribus facilis quis ducimus autem.', 1, '2019-04-21 13:22:53', '2019-04-21 13:22:53'),
(200, 14, 'Geo Raynor', 'Voluptatem aut natus et esse dolorum labore. Nesciunt non dignissimos sit eos in dolorum adipisci. Sapiente provident autem tempora necessitatibus quae.', 0, '2019-04-21 13:22:53', '2019-04-21 13:22:53');

-- --------------------------------------------------------

--
-- بنية الجدول `users`
--

CREATE TABLE `users` (
  `id` bigint(20) UNSIGNED NOT NULL,
  `name` varchar(191) COLLATE utf8mb4_unicode_ci NOT NULL,
  `email` varchar(191) COLLATE utf8mb4_unicode_ci NOT NULL,
  `email_verified_at` timestamp NULL DEFAULT NULL,
  `password` varchar(191) COLLATE utf8mb4_unicode_ci NOT NULL,
  `remember_token` varchar(100) COLLATE utf8mb4_unicode_ci DEFAULT NULL,
  `created_at` timestamp NULL DEFAULT NULL,
  `updated_at` timestamp NULL DEFAULT NULL
) ENGINE=InnoDB DEFAULT CHARSET=utf8mb4 COLLATE=utf8mb4_unicode_ci;

--
-- Indexes for dumped tables
--

--
-- Indexes for table `migrations`
--
ALTER TABLE `migrations`
  ADD PRIMARY KEY (`id`);

--
-- Indexes for table `password_resets`
--
ALTER TABLE `password_resets`
  ADD KEY `password_resets_email_index` (`email`);

--
-- Indexes for table `products`
--
ALTER TABLE `products`
  ADD PRIMARY KEY (`id`);

--
-- Indexes for table `reviews`
--
ALTER TABLE `reviews`
  ADD PRIMARY KEY (`id`),
  ADD KEY `reviews_product_id_index` (`product_id`);

--
-- Indexes for table `users`
--
ALTER TABLE `users`
  ADD PRIMARY KEY (`id`),
  ADD UNIQUE KEY `users_email_unique` (`email`);

--
-- AUTO_INCREMENT for dumped tables
--

--
-- AUTO_INCREMENT for table `migrations`
--
ALTER TABLE `migrations`
  MODIFY `id` int(10) UNSIGNED NOT NULL AUTO_INCREMENT, AUTO_INCREMENT=9;

--
-- AUTO_INCREMENT for table `products`
--
ALTER TABLE `products`
  MODIFY `id` int(10) UNSIGNED NOT NULL AUTO_INCREMENT, AUTO_INCREMENT=51;

--
-- AUTO_INCREMENT for table `reviews`
--
ALTER TABLE `reviews`
  MODIFY `id` int(10) UNSIGNED NOT NULL AUTO_INCREMENT, AUTO_INCREMENT=201;

--
-- AUTO_INCREMENT for table `users`
--
ALTER TABLE `users`
  MODIFY `id` bigint(20) UNSIGNED NOT NULL AUTO_INCREMENT;

--
-- قيود الجداول المحفوظة
--

--
-- القيود للجدول `reviews`
--
ALTER TABLE `reviews`
  ADD CONSTRAINT `reviews_product_id_foreign` FOREIGN KEY (`product_id`) REFERENCES `products` (`id`) ON DELETE CASCADE;
COMMIT;

/*!40101 SET CHARACTER_SET_CLIENT=@OLD_CHARACTER_SET_CLIENT */;
/*!40101 SET CHARACTER_SET_RESULTS=@OLD_CHARACTER_SET_RESULTS */;
/*!40101 SET COLLATION_CONNECTION=@OLD_COLLATION_CONNECTION */;
